SELECT f4, f8 FROM bug34300;
f4	f8
xxx	zzz
ALTER TABLE bug34300 ADD COLUMN (f10 INT);
SELECT f4, f8 FROM bug34300;
f4	f8
xxx	zzz
DROP TABLE bug34300;
SET @@global.max_allowed_packet=default;
